time,tag,train_dataset,eval_dataset,eval_type,seed,epochs,acc,bal_acc,f1,auc,tn,fp,fn,tp
2026-09-24T15:39:42,data,newhandpd,newhandpd,in-domain,1,30,0.8571,0.8571,0.875,0.9745,20,8,0,28
2026-09-24T15:40:01,data,newhandpd,handpd,cross-dataset,1,30,0.9212,0.8564,0.9516,0.9465,54,18,11,285
2026-09-24T15:40:05,data,newhandpd,parkd,cross-dataset,1,30,0.6765,0.6765,0.7317,0.8289,24,27,6,45
2026-09-24T15:53:11,data,handpd,handpd,in-domain,1,30,0.9342,0.8667,0.9593,0.9729,12,4,1,59
2026-09-24T15:53:22,data,handpd,newhandpd,cross-dataset,1,30,0.7045,0.7214,0.7607,0.9677,62,78,0,124
2026-09-24T15:53:25,data,handpd,parkd,cross-dataset,1,30,0.6078,0.6078,0.3548,0.8058,51,0,40,11
2026-09-24T15:56:11,data,parkd,parkd,in-domain,1,30,0.6667,0.5556,0.2,0.7481,15,0,8,1
2026-09-24T15:56:23,data,parkd,newhandpd,cross-dataset,1,30,0.5492,0.5202,0.0775,0.5245,140,0,119,5
2026-09-24T15:56:42,data,parkd,handpd,cross-dataset,1,30,0.2174,0.5135,0.0526,0.6633,72,0,288,8
2026-09-24T16:04:18,data_norm,newhandpd,newhandpd,in-domain,1,30,0.6964,0.6964,0.7606,0.9043,12,16,1,27
2026-09-24T16:04:28,data_norm,newhandpd,handpd,cross-dataset,1,30,0.894,0.7554,0.9372,0.9411,38,34,5,291
2026-09-24T16:04:31,data_norm,newhandpd,parkd,cross-dataset,1,30,0.5098,0.5098,0.6528,0.5744,5,46,4,47
2026-09-24T16:13:20,data_norm,handpd,handpd,in-domain,1,30,0.8947,0.7958,0.9355,0.9677,10,6,2,58
2026-09-24T16:13:26,data_norm,handpd,newhandpd,cross-dataset,1,30,0.6402,0.6607,0.723,0.6967,45,95,0,124
2026-09-24T16:13:29,data_norm,handpd,parkd,cross-dataset,1,30,0.6471,0.6471,0.4706,0.7797,50,1,35,16
2026-09-24T16:15:41,data_norm,parkd,parkd,in-domain,1,30,0.75,0.6667,0.5,0.8519,15,0,6,3
2026-09-24T16:15:47,data_norm,parkd,newhandpd,cross-dataset,1,30,0.6212,0.5982,0.3506,0.6156,137,3,97,27
2026-09-24T16:15:55,data_norm,parkd,handpd,cross-dataset,1,30,0.3478,0.5736,0.3333,0.7077,68,4,236,60
2026-09-24T16:24:10,data,newhandpd,newhandpd,in-domain,2,30,0.8214,0.8214,0.8148,0.9324,24,4,6,22
2026-09-24T16:24:31,data,newhandpd,handpd,cross-dataset,2,30,0.875,0.8697,0.9187,0.9631,62,10,36,260
2026-09-24T16:24:34,data,newhandpd,parkd,cross-dataset,2,30,0.7353,0.7353,0.6667,0.7578,48,3,24,27
2026-09-24T16:36:19,data,handpd,handpd,in-domain,2,30,0.9474,0.875,0.9677,0.9469,12,4,0,60
2026-09-24T16:36:28,data,handpd,newhandpd,cross-dataset,2,30,0.6856,0.7036,0.7492,0.945,57,83,0,124
2026-09-24T16:36:31,data,handpd,parkd,cross-dataset,2,30,0.7255,0.7255,0.7358,0.7432,35,16,12,39
2026-09-24T16:38:46,data,parkd,parkd,in-domain,2,30,0.8333,0.7778,0.7143,0.8444,15,0,4,5
2026-09-24T16:38:56,data,parkd,newhandpd,cross-dataset,2,30,0.6136,0.5906,0.3377,0.5099,136,4,98,26
2026-09-24T16:39:11,data,parkd,handpd,cross-dataset,2,30,0.3533,0.5875,0.3352,0.7087,70,2,236,60
2026-09-24T16:44:54,data_norm,newhandpd,newhandpd,in-domain,2,30,0.8393,0.8393,0.8302,0.9196,25,3,6,22
2026-09-24T16:45:02,data_norm,newhandpd,handpd,cross-dataset,2,30,0.8668,0.8752,0.9123,0.954,64,8,41,255
2026-09-24T16:45:05,data_norm,newhandpd,parkd,cross-dataset,2,30,0.5686,0.5686,0.6986,0.7574,7,44,0,51
2026-09-24T16:53:06,data_norm,handpd,handpd,in-domain,2,30,0.8684,0.7562,0.9194,0.8688,9,7,3,57
2026-09-24T16:53:11,data_norm,handpd,newhandpd,cross-dataset,2,30,0.6212,0.6419,0.7093,0.7796,42,98,2,122
2026-09-24T16:53:14,data_norm,handpd,parkd,cross-dataset,2,30,0.5294,0.5294,0.68,0.729,3,48,0,51
2026-09-24T16:55:26,data_norm,parkd,parkd,in-domain,2,30,0.8333,0.7778,0.7143,0.963,15,0,4,5
2026-09-24T16:55:32,data_norm,parkd,newhandpd,cross-dataset,2,30,0.6136,0.5896,0.32,0.5126,138,2,100,24
2026-09-24T16:55:40,data_norm,parkd,handpd,cross-dataset,2,30,0.3071,0.564,0.2478,0.7302,71,1,254,42
2026-09-24T17:05:23,data,newhandpd,newhandpd,in-domain,3,30,0.7885,0.8006,0.807,0.9241,18,10,1,23
2026-09-24T17:05:42,data,newhandpd,handpd,cross-dataset,3,30,0.9266,0.8335,0.9558,0.9704,49,23,4,292
2026-09-24T17:05:45,data,newhandpd,parkd,cross-dataset,3,30,0.6471,0.6471,0.4545,0.8566,51,0,36,15
2026-09-24T17:17:21,data,handpd,handpd,in-domain,3,30,0.9342,0.8667,0.9593,0.9771,12,4,1,59
2026-09-24T17:17:34,data,handpd,newhandpd,cross-dataset,3,30,0.6061,0.6286,0.7045,0.8018,36,104,0,124
2026-09-24T17:17:37,data,handpd,parkd,cross-dataset,3,30,0.6078,0.6078,0.6491,0.7001,25,26,14,37
2026-09-24T17:20:32,data,parkd,parkd,in-domain,3,30,0.875,0.8333,0.8,0.7556,15,0,3,6
2026-09-24T17:20:44,data,parkd,newhandpd,cross-dataset,3,30,0.6136,0.5924,0.3704,0.6365,132,8,94,30
2026-09-24T17:21:02,data,parkd,handpd,cross-dataset,3,30,0.3995,0.6109,0.4138,0.7315,69,3,218,78
2026-09-24T17:29:13,data_norm,newhandpd,newhandpd,in-domain,3,30,0.7885,0.7976,0.8,0.9182,19,9,2,22
2026-09-24T17:29:25,data_norm,newhandpd,handpd,cross-dataset,3,30,0.9076,0.8532,0.9426,0.9508,55,17,17,279
2026-09-24T17:29:28,data_norm,newhandpd,parkd,cross-dataset,3,30,0.7941,0.7941,0.7586,0.8466,48,3,18,33
2026-09-24T17:40:13,data_norm,handpd,handpd,in-domain,3,30,0.8947,0.8187,0.9344,0.9563,11,5,3,57
2026-09-24T17:40:20,data_norm,handpd,newhandpd,cross-dataset,3,30,0.6098,0.6308,0.7014,0.6568,40,100,3,121
2026-09-24T17:40:23,data_norm,handpd,parkd,cross-dataset,3,30,0.6569,0.6569,0.6154,0.7282,39,12,23,28
2026-09-24T17:43:25,data_norm,parkd,parkd,in-domain,3,30,0.875,0.8333,0.8,0.9333,15,0,3,6
2026-09-24T17:43:33,data_norm,parkd,newhandpd,cross-dataset,3,30,0.5871,0.5637,0.2876,0.4643,133,7,102,22
2026-09-24T17:43:44,data_norm,parkd,handpd,cross-dataset,3,30,0.3179,0.5655,0.2725,0.7165,70,2,249,47
